章,カット#,秒,累計時間,映像種別,映像内容,ナレーション・テキスト,BGM / SE
プロローグ,1,8,0:08,🎬現在写真,黒からフェードイン。現在の誠一の手元アップ。古い写真アルバムをゆっくりめくる手,（なし）,ピアノBGM フェードイン
プロローグ,2,10,0:18,📷実写写真,アルバムの一ページ。色あせた白黒の家族写真。ゆっくりズームイン,（なし）,ピアノ継続
プロローグ,3,18,0:36,🎬現在写真,現在の誠一の顔（正面・穏やか）。屋外の光の中,【ナレーター】昭和十三年、九州の小さな農村に、一人の男が生まれました。それから八十七年。田んぼと山と、家族とともに生きてきた、荒木誠一さんの人生の記録です。,ピアノ 柔らかく
プロローグ,4,10,0:46,📝テキスト,タイトルカード。白文字フェードイン「荒木誠一　人生譜」,（なし）,ピアノ 少し展開
プロローグ,5,8,0:54,📝テキスト,年表テキストアニメ「1938年 昭和13年 九州・農村に生まれる」から年代が流れる,（なし）,ピアノ 静かに落ち着く
プロローグ,6,6,1:00,📝テキスト,章タイトル「第一章　生まれた土地と幼少期」,（なし）,BGM 素朴な雰囲気に転換
第一章：幼少期,7,20,1:20,🎨AIアニメ,九州の山間い農村の全景（昭和初期）。棚田・茅葺き屋根の集落・山・小川。夕暮れの光,【誠一】生まれたのは、山に囲まれた小さな集落でした。田んぼが家の周りを取り囲んでいて、春になると麦が風に揺れていた。それが、私の最初の記憶です。,素朴なBGM・風のSE
第一章：幼少期,8,18,1:38,🎨AIアニメ,農家の台所（昭和13〜15年）。母が竈で炊事。傍らに5歳の誠一が座っている。朝の薄暗い光,「母は毎朝、暗いうちから起きて竈でご飯を炊いていました。その煙の匂いが、子どものころの朝の記憶です。」,環境音（竈）・BGM継続
第一章：幼少期,9,12,1:50,🎨AIアニメ,戦時中の農村（昭和19年）。防空頭巾の子どもたち。大人たちが空を見上げている,「戦争が終わったのは、七つの夏でした。大人たちが泣いていたのを、今でも覚えています。」,BGM やや重く・飛行機SE（遠く）
第一章：幼少期,10,14,2:04,🎨AIアニメ,終戦直後の農村の夏（昭和20年）。黄金色の稲穂。少年誠一の後ろ姿が畦道を歩く,「でも、田んぼはいつもと同じように、黄金色に実っていました。」,BGM 少し明るく・蝉のSE
第一章：幼少期,11,18,2:22,🎨AIアニメ,昭和25年ごろの小学校の教室。風呂敷包みの子どもたち。前列に座る7歳の誠一,「小学校は木の床が抜けているところがあって、冬は隙間風が吹いていました。それでも学校が好きでした。先生の話を聞くのが好きだった。」,素朴なBGM
第一章：幼少期,12,16,2:38,🎨AIアニメ,夏の川遊び（昭和27年）。裸足の少年たちが川で泳いでいる。誠一が岩から飛び込もうとしている,「夏は川で泳いで、秋は山で栗を拾いました。貧しかったけれど、退屈したことは一度もなかったですね。」,明るいBGM・川のSE
第一章：幼少期,13,18,2:56,🎨AIアニメ,昭和29年・村の集会所。白黒テレビ1台。村人が集まっている。目を見開く少年誠一,「村にテレビが来た日のことは、一生忘れません。集会所に村中の人が集まって。あの小さな箱の中に人が映っているのが、信じられなかった。」,少し高揚するBGM
第一章：幼少期,14,16,3:12,🎨AIアニメ,夕暮れの田んぼ。父の後ろ姿（逆光）。14歳の誠一が隣を歩いている,「父は口数の少ない人でしたが、田んぼのことだけはよく話してくれました。『土は裏切らん』と、何度も言っていました。」,しみじみとしたBGM
第一章：幼少期,15,8,3:20,📝テキスト,年表カード「1952年　14歳　中学卒業」,（なし）,BGM展開
第一章：幼少期,16,6,3:26,📝テキスト,章タイトル「第二章　青春期・出会い・仕事」,（なし）,BGM 少し力強く転換
第二章：青春期,17,18,3:44,🎨AIアニメ,昭和27〜30年・地方の小工場。機械の前の若い男たち。15歳の誠一が真剣な横顔で機械を見ている,「中学を出て、すぐに地元の工場に就職しました。十四歳でした。先輩に怒鳴られながら、毎日必死でした。でも、機械の仕組みを覚えていくのが、面白かった。」,機械音SE（遠く）・力強いBGM
第二章：青春期,18,14,3:58,📷実写写真,成人式の写真（昭和33年）。紋付き袴の20歳の誠一。緊張した表情,「成人式のとき、父が羽織袴を作ってくれました。着なれないから動きにくくて。でも、嬉しかったです。」,温かいBGMに変化
第二章：青春期,19,16,4:14,🎨AIアニメ,昭和35年・高度経済成長の地方都市の駅前。バスや自転車。工場へ向かう22歳の誠一,「あの頃は日本中が、前を向いて走っていました。みんな貧しかったけど、みんな明日を信じていた。そういう時代でした。」,高揚感のあるBGM
第二章：青春期,20,12,4:26,📷実写写真,職場の同僚との集合写真。若い誠一が仲間と並んでいる。笑顔,「この仲間たちには、ずいぶん助けてもらいました。今でも年に一度は会います。」,温かいBGM
第二章：青春期,21,20,4:46,🎨AIアニメ,昭和40年・夏祭り。提灯の灯り。浴衣の人々。27歳の誠一が若い女性に目を向けている,「妻と初めて会ったのは、地元の夏祭りでした。三つ編みに浴衣で。私の方から先に話しかけました。珍しいことでしたよ、私には…」,夏祭りのSE・BGM
第二章：青春期,22,12,4:58,📷実写写真,結婚式の写真（昭和41年）。誠一と妻が並んでいる,「昭和四十一年に結婚しました。二十八歳でした。」,幸せな穏やかなBGM
第二章：青春期,23,8,5:06,📝テキスト,年表カード「1966年　28歳　結婚」,（なし）,BGM展開
第二章：青春期,24,6,5:12,📝テキスト,章タイトル「第三章　家庭・子育て・暮らし」,（なし）,温かく家庭的なBGMに転換
第三章：家庭,25,16,5:28,📷実写写真,40代の誠一と妻・幼い子ども2人の家族写真。食卓を囲んでいる,「子どもが生まれると、家の中が急に明るくなりました。ご飯を食べていても、うるさくて、にぎやかで。それが楽しかった。」,明るく温かいBGM
第三章：家庭,26,14,5:42,📷実写写真,家族旅行の写真（複数スライド）。子どもたちが少し成長している。みんな笑顔,「毎年夏は家族で旅行に行きました。たいしたところには行けなかったけど、子どもたちは毎回大はしゃぎで。」,明るいBGM
第三章：家庭,27,14,5:56,📷実写写真,職場の写真（50代の誠一）。工場長として同僚たちと並んでいる,「三十代のころに工場長を任されました。責任は重かったけど、みんなをまとめるのが、だんだん好きになっていきました。」,力強いBGM
第三章：家庭,28,10,6:06,📷実写写真,地域の祭りの写真。定年後の誠一が世話役として前に立っている,「定年後は、地域の祭りの世話役を引き受けました。父がそうしていたように、私もそうしたかった。」,地域の祭りを感じるBGM
第三章：家庭,29,6,6:12,📝テキスト,章タイトル「第四章　趣味・大切にしてきたこと」,（なし）,のんびりとしたBGMに転換
第四章：趣味,30,18,6:30,📷実写写真,家庭菜園の写真（現在）。土を触る誠一の手元。野菜が育っている,「退職してから、家庭菜園を始めました。父が言っていた『土は裏切らん』という言葉の意味が、ようやくわかった気がします。種を蒔いて、水をやって、毎日見ていると、ちゃんと育ってくれる。人間もそうかもしれないと思います。」,落ち着いたBGM
第四章：趣味,31,12,6:42,📷実写写真,将棋の写真。縁側か公民館。相手と向き合っている誠一,「将棋も長い友人です。勝っても負けても、盤の前ではみんな対等で。それがいい。」,静かなBGM
第四章：趣味,32,16,6:58,📷実写写真,夕暮れの田んぼの写真（現在）。金色の稲穂。誠一の後ろ姿,「大切にしてきたことと言われれば、特別なことは何もない。ただ、目の前のことを、一生懸命やってきただけです。」,しみじみとしたBGM
第四章：趣味,33,6,7:04,📝テキスト,章タイトル「終章　いま、家族へ」,（なし）,穏やかなエンドBGM始まる
終章：家族へ,34,16,7:20,📷実写写真,家族集合写真（最新）。誠一と妻・子ども夫婦・孫たち全員。笑顔,「子どもが2人、孫が5人、ひ孫が2人いる。こんなに増えるとは思いませんでしたよ。」,温かくゆったりとしたBGM
終章：家族へ,35,14,7:34,📷実写写真,孫・ひ孫の写真（スライド）。子どもたちの笑顔,「子どもたちには、健康でいてくれたらそれでいい。幸せとは、そういうものだと思っています。」,継続
終章：家族へ,36,18,7:52,📝テキスト,家族メッセージテキスト。家族写真を背景に1人ずつフェードイン「お父さん、いつも見守ってくれてありがとう。——長男・健二」,（なし）,感情的なBGM
終章：家族へ,37,14,8:06,🎬現在写真,現在の誠一の笑顔（近影）。アップ。目元に年輪,「まだまだ、終わっていないよ。」,BGM 静かな盛り上がり
終章：家族へ,38,10,8:16,📝テキスト,フェードアウト。黒画面に白テキスト「荒木誠一　人生譜」「昭和十三年生まれ　八十七歳」,（なし）,BGMフェードアウト
